"date","city_name","state_name","country_name","active_endpoint_count"
"2023-05-02","Kyoto","Kyoto","Japan",0
"2023-05-02","Kärdla","Hiiumaa","Estonia",0
"2023-05-02","Köthen","Saxony-Anhalt","Germany",0
"2023-05-02","Køge","Zealand","Denmark",0
"2023-05-02","LaOrignal","Ontario","Canada",0
"2023-05-02","La Blanqueada","Departamento de Montevideo","Uruguay",0
"2023-05-02","La Broquerie","Manitoba","Canada",0
"2023-05-02","La Bruyere","Namur Province","Belgium",0
"2023-05-02","La Courneuve","Seine-Saint-Denis","France",0
"2023-05-02","La Crescenta","California","United States",0
"2023-05-02","La Gacilly","Morbihan","France",0
"2023-05-02","La Guadalupe","Departamento de Olancho","Honduras",0
"2023-05-02","La Jolla","California","United States",0
"2023-05-02","La Lima","Departamento de Cortes","Honduras",0
"2023-05-02","La Loggia","Turin","Italy",0
"2023-05-02","La Maddalena","Provincia di Sassari","Italy",0
"2023-05-02","La Morra","Provincia di Cuneo","Italy",0
"2023-05-02","La Paz","Colonia","Uruguay",0
"2023-05-02","La Paz","Canelones","Uruguay",0
"2023-05-02","La Paz","Baja California Sur","Mexico",0
"2023-05-02","La Plata","Buenos Aires","Argentina",0
"2023-05-02","La Porte","Indiana","United States",0
"2023-05-02","La Spezia","Provincia di La Spezia","Italy",0
"2023-05-02","La Thuile","Valle Aosta","Italy",0
"2023-05-02","La Tour-de-Peilz","Vaud","Switzerland",0
"2023-05-02","La Uribe","Bogota D.C.","Colombia",0
"2023-05-02","Laatzen","Lower Saxony","Germany",0
"2023-05-02","Lac La Biche","Alberta","Canada",0
"2023-05-02","Laconi","Provincia di Oristano","Italy",0
"2023-05-02","Ladispoli","Rome","Italy",0
"2023-05-02","Lafayette","Louisiana","United States",0
"2023-05-02","Lafayette","Indiana","United States",0
"2023-05-02","Lago Patria","Naples","Italy",0
"2023-05-02","Lagos","Lagos","Nigeria",0
"2023-05-02","Lagosanto","Provincia di Ferrara","Italy",0
"2023-05-02","Laguna Beach","California","United States",0
"2023-05-02","Lahore","Punjab","Pakistan",0
"2023-05-02","Lai Chi Kok","Sham Shui Po","Hong Kong",0
"2023-05-02","Laifour","Ardennes","France",0
"2023-05-02","Laila","Karnataka","India",0
"2023-05-02","Lainate","Milan","Italy",0
"2023-05-02","Laitumkhrah","Meghalaya","India",0
"2023-05-02","Laives","South Tyrol","Italy",0
"2023-05-02","Lake Forest","California","United States",0
"2023-05-02","Lake Mary","Florida","United States",0
"2023-05-02","Lake Oswego","Oregon","United States",0
"2023-05-02","Lake Villa","Illinois","United States",0
"2023-05-02","Lake Worth","Florida","United States",0
"2023-05-02","Lake Zurich","Illinois","United States",0
"2023-05-02","Lakeland","Florida","United States",0
"2023-05-02","Lakemba","New South Wales","Australia",0
"2023-05-02","Lakewood","New Jersey","United States",0
"2023-05-02","Lakhimpur","Uttar Pradesh","India",0
"2023-05-02","Lakshmipu","Naogaon","Bangladesh",0
"2023-05-02","Lalganj","Bihar","India",0
"2023-05-02","Lalgola","West Bengal","India",0
"2023-05-02","Lalitpur","Uttar Pradesh","India",0
"2023-05-02","Lalkua","Uttarakhand","India",0
"2023-05-02","Lama Mocogno","Province of Modena","Italy",0
"2023-05-02","Lama di Reno","Bologna","Italy",0
"2023-05-02","Lamerdingen","Bavaria","Germany",0
"2023-05-02","Lamezia Terme","Provincia di Catanzaro","Italy",0
"2023-05-02","Lammari","Provincia di Lucca","Italy",0
"2023-05-02","Lampang","Lampang","Thailand",0
"2023-05-02","Lamphun","Lamphun","Thailand",0
"2023-05-02","Lamporecchio","Provincia di Pistoia","Italy",0
"2023-05-02","Lamu","Lamu","Kenya",0
"2023-05-02","Lana","South Tyrol","Italy",0
"2023-05-02","Lancaster","Pennsylvania","United States",0
"2023-05-02","Lancaster","Lancashire","United Kingdom",0
"2023-05-02","Lancaster","Ontario","Canada",0
"2023-05-02","Lancenigo-Villorba","Provincia di Treviso","Italy",0
"2023-05-02","Lanciano","Provincia di Chieti","Italy",0
"2023-05-02","Lancing","West Sussex","United Kingdom",0
"2023-05-02","Lancut","Subcarpathia","Poland",0
"2023-05-02","Land O Lakes","Florida","United States",0
"2023-05-02","Landenberg","Pennsylvania","United States",0
"2023-05-02","Landstuhl","Rheinland-Pfalz","Germany",0
"2023-05-02","Lane Cove","New South Wales","Australia",0
"2023-05-02","Lang Son","Tinh Lang Son","Vietnam",0
"2023-05-02","Langenselbold","Hesse","Germany",0
"2023-05-02","Langensendelbach","Bavaria","Germany",0
"2023-05-02","Langeoog","Lower Saxony","Germany",0
"2023-05-02","Langhirano","Province of Parma","Italy",0
"2023-05-02","Langhorne","Pennsylvania","United States",0
"2023-05-02","Langley","British Columbia","Canada",0
"2023-05-02","Langwarrin","Victoria","Australia",0
"2023-05-02","Lankam","Andhra Pradesh","India",0
"2023-05-02","Lansdale","Pennsylvania","United States",0
"2023-05-02","Lanusei","Provincia di Nuoro","Italy",0
"2023-05-02","Lanzo Torinese","Turin","Italy",0
"2023-05-02","Lappe","Ontario","Canada",0
"2023-05-02","Lappeenranta","South Karelia","Finland",0
"2023-05-02","Lapu-Lapu City","Province of Cebu","Philippines",0
"2023-05-02","Laredo","Texas","United States",0
"2023-05-02","Lari","Province of Pisa","Italy",0
"2023-05-02","Larne","Mid and East Antrim","United Kingdom",0
"2023-05-02","Las Condes","Santiago Metropolitan","Chile",0
"2023-05-02","Las Cruces","New Mexico","United States",0
"2023-05-02","Las Piedras","Canelones","Uruguay",0
"2023-05-02","Las Pinas","Metro Manila","Philippines",0
"2023-05-02","Las Vegas","Nevada","United States",0
"2023-05-02","Lasalgaon","Maharashtra","India",0
"2023-05-02","Lastra a Signa","Province of Florence","Italy",0
"2023-05-02","Laterina","Province of Arezzo","Italy",0
"2023-05-02","Laterza","Provincia di Taranto","Italy",0
"2023-05-02","Latham","New York","United States",0
"2023-05-02","Latiano","Province of Brindisi","Italy",0
"2023-05-02","Latina","Provincia di Latina","Italy",0
"2023-05-02","Latisana","Provincia di Udine","Italy",0
"2023-05-02","Latur","Maharashtra","India",0
"2023-05-02","Laufach","Bavaria","Germany",0
"2023-05-02","Launceston","Tasmania","Australia",0
"2023-05-02","Lauro","Provincia di Avellino","Italy",0
"2023-05-02","Lausanne","Vaud","Switzerland",0
"2023-05-02","Lavagna","Provincia di Genova","Italy",0
"2023-05-02","Laval","Quebec","Canada",0
"2023-05-02","Lavaltrie","Quebec","Canada",0
"2023-05-02","Laveno-Mombello","Provincia di Varese","Italy",0
"2023-05-02","Laverton","Victoria","Australia",0
"2023-05-02","Lavillette","New Brunswick","Canada",0
"2023-05-02","Lavis","Province of Trente","Italy",0
"2023-05-02","Lawrence","New Jersey","United States",0
"2023-05-02","Lawrence","Kansas","United States",0
"2023-05-02","Lawrenceville","Georgia","United States",0
"2023-05-02","Lawton","Oklahoma","United States",0
"2023-05-02","Layton","Utah","United States",0
"2023-05-02","Layyah","Punjab","Pakistan",0
"2023-05-02","Lazzate","Monza Brianza","Italy",0
"2023-05-02","Le Casine-Perignano-Spinelli","Province of Pisa","Italy",0
"2023-05-02","Le Castella","Provincia di Crotone","Italy",0
"2023-05-02","Le Perreux-sur-Marne","Val-de-Marne","France",0
"2023-05-02","Leavenworth","Kansas","United States",0
"2023-05-02","Lebanon","Oregon","United States",0
"2023-05-02","Lebanon","Tennessee","United States",0
"2023-05-02","Lebanon","Ohio","United States",0
"2023-05-02","Lebanon","New Hampshire","United States",0
"2023-05-02","Lebu","Region del Biobio","Chile",0
"2023-05-02","Lecce","Provincia di Lecce","Italy",0
"2023-05-02","Lecco","Provincia di Lecco","Italy",0
"2023-05-02","Leduc","Alberta","Canada",0
"2023-05-02","Ledyard Center","Connecticut","United States",0
"2023-05-02","Leeds","Leeds","United Kingdom",0
"2023-05-02","Leesburg","Virginia","United States",0
"2023-05-02","Leffe","Provincia di Bergamo","Italy",0
"2023-05-02","Legazpi","Province of Albay","Philippines",0
"2023-05-02","Legnago","Provincia di Verona","Italy",0
"2023-05-02","Legnano","Milan","Italy",0
"2023-05-02","Legnaro","Padua","Italy",0
"2023-05-02","Legnica","Lower Silesia","Poland",0
"2023-05-02","Leicester","Leicester","United Kingdom",0
"2023-05-02","Leichlingen","North Rhine-Westphalia","Germany",0
"2023-05-02","Leiden","South Holland","Netherlands",0
"2023-05-02","Leigh-on-Sea","Southend-on-Sea","United Kingdom",0
"2023-05-02","Leipzig","Saxony","Germany",0
"2023-05-02","Leiria","Leiria","Portugal",0
"2023-05-02","Lekki","Lagos","Nigeria",0
"2023-05-02","Lemwerder","Lower Saxony","Germany",0
"2023-05-02","Leno","Provincia di Brescia","Italy",0
"2023-05-02","Lenoir City","Tennessee","United States",0
"2023-05-02","Lenola","Provincia di Latina","Italy",0
"2023-05-02","Lentate sul Seveso","Monza Brianza","Italy",0
"2023-05-02","Lentini","Syracuse","Italy",0
"2023-05-02","Leominster","Massachusetts","United States",0
"2023-05-02","Leon Valley","Texas","United States",0
"2023-05-02","Les Paris","Savoy","France",0
"2023-05-02","Les Sables-d\Olonne","Vendée","France",0
"2023-05-02","Lesina","Provincia di Foggia","Italy",0
"2023-05-02","Lesmo","Monza Brianza","Italy",0
"2023-05-02","Letchworth Garden City","Hertfordshire","United Kingdom",0
"2023-05-02","Lethbridge","Alberta","Canada",0
"2023-05-02","Letohrad","Ústí nad Orlicí District","Czechia",0
"2023-05-02","Letterkenny","County Donegal","Ireland",0
"2023-05-02","Leumeah","New South Wales","Australia",0
"2023-05-02","Leutershausen","Bavaria","Germany",0
"2023-05-02","Leuven","Flemish Brabant Province","Belgium",0
"2023-05-02","Levate","Provincia di Bergamo","Italy",0
"2023-05-02","Levico Terme","Province of Trente","Italy",0
"2023-05-02","Levin","Manawatu-Wanganui","New Zealand",0
"2023-05-02","Levittown","Pennsylvania","United States",0
"2023-05-02","Levittown","New York","United States",0
"2023-05-02","Lexington","Kentucky","United States",0
"2023-05-02","Leyland","Lancashire","United Kingdom",0
"2023-05-02","Leyton","Waltham Forest","United Kingdom",0
"2023-05-02","Lezzeno","Provincia di Como","Italy",0
"2023-05-02","León","Guanajuato","Mexico",0
"2023-05-02","León","Leon","Spain",0
"2023-05-02","Lhuentse","Lhuntse","Bhutan",0
"2023-05-02","Libertyville","Illinois","United States",0
"2023-05-02","Libreville","Estuaire","Gabon",0
"2023-05-02","Licata","Province of Agrigento","Italy",0
"2023-05-02","Lich","Hesse","Germany",0
"2023-05-02","Lichfield","Staffordshire","United Kingdom",0
"2023-05-02","Lido di Camaiore","Provincia di Lucca","Italy",0
"2023-05-02","Lido di Ostia","Rome","Italy",0
"2023-05-02","Liedolo","Provincia di Treviso","Italy",0
"2023-05-02","Liepaja","Liepaja","Latvia",0
"2023-05-02","Lier","Antwerp Province","Belgium",0
"2023-05-02","Lignano Sabbiadoro","Provincia di Udine","Italy",0
"2023-05-02","Lilburn","Georgia","United States",0
"2023-05-02","Lille","North","France",0
"2023-05-02","Lilongwe","Lilongwe District","Malawi",0
"2023-05-02","Lilydale","Victoria","Australia",0
"2023-05-02","Lima","Lima","Peru",0
"2023-05-02","Limal","Walloon Brabant Province","Belgium",0
"2023-05-02","Limassol","Limassol","Cyprus",0
"2023-05-02","Limbdi","Gujarat","India",0
"2023-05-02","Limbiate","Monza Brianza","Italy",0
"2023-05-02","Limena","Padua","Italy",0
"2023-05-02","Limerick","Limerick","Ireland",0
"2023-05-02","Limido Comasco","Provincia di Como","Italy",0
"2023-05-02","Limoges","Ontario","Canada",0
"2023-05-02","Limone Piemonte","Provincia di Cuneo","Italy",0
"2023-05-02","Linares","Nuevo León","Mexico",0
"2023-05-02","Lincoln","Nebraska","United States",0
"2023-05-02","Lincoln","Lincolnshire","United Kingdom",0
"2023-05-02","Lincolnton","North Carolina","United States",0
"2023-05-02","Linda a Velha","Lisbon","Portugal",0
"2023-05-02","Lindau","Bavaria","Germany",0
"2023-05-02","Lindfield","New South Wales","Australia",0
"2023-05-02","Lindsay","Ontario","Canada",0
"2023-05-02","Lingayen","Province of Pangasinan","Philippines",0
"2023-05-02","Linguaglossa","Catania","Italy",0
"2023-05-02","Linköping","Östergötland County","Sweden",0
"2023-05-02","Lipa City","Province of Batangas","Philippines",0
"2023-05-02","Lipari","Province of Messina","Italy",0
"2023-05-02","Lipomo","Provincia di Como","Italy",0
"2023-05-02","Lippiano","Provincia di Perugia","Italy",0
"2023-05-02","Lippstadt","North Rhine-Westphalia","Germany",0
"2023-05-02","Lisbon","Lisbon","Portugal",0
"2023-05-02","Lisburn","Lisburn and Castlereagh","United Kingdom",0
"2023-05-02","Lisle","Illinois","United States",0
"2023-05-02","Lissone","Monza Brianza","Italy",0
"2023-05-02","Little Bay","New South Wales","Australia",0
"2023-05-02","Little Elm","Texas","United States",0
"2023-05-02","Little Falls","New Jersey","United States",0
"2023-05-02","Little Rock","Arkansas","United States",0
"2023-05-02","Liveri","Naples","Italy",0
"2023-05-02","Livermore","California","United States",0
"2023-05-02","Liverpool","Liverpool","United Kingdom",0
"2023-05-02","Livonia","Michigan","United States",0
"2023-05-02","Livorno","Provincia di Livorno","Italy",0
"2023-05-02","Livraga","Provincia di Lodi","Italy",0
"2023-05-02","Liège","Liège Province","Belgium",0
"2023-05-02","Ljubljana","Ljubljana","Slovenia",0
"2023-05-02","Llanelli","Carmarthenshire","United Kingdom",0
"2023-05-02","Lloydminster","Alberta","Canada",0
"2023-05-02","Loano","Provincia di Savona","Italy",0
"2023-05-02","Lochristi","East Flanders Province","Belgium",0
"2023-05-02","Locri","Provincia di Reggio Calabria","Italy",0
"2023-05-02","Lodi","Provincia di Lodi","Italy",0
"2023-05-02","Loei","Loei","Thailand",0
"2023-05-02","Loerrach","Baden-Württemberg","Germany",0
"2023-05-02","Logan","Utah","United States",0
"2023-05-02","Loganlea","Queensland","Australia",0
"2023-05-02","Lograto","Provincia di Brescia","Italy",0
"2023-05-02","Lokossa","Mono","Benin",0
"2023-05-02","Lomagna","Provincia di Lecco","Italy",0
"2023-05-02","Lomazzo","Provincia di Como","Italy",0
"2023-05-02","Lombriasco","Turin","Italy",0
"2023-05-02","Lomita","California","United States",0
"2023-05-02","Lomé","Maritime","Togo",0
"2023-05-02","Lonand","Maharashtra","India",0
"2023-05-02","Lonar","Maharashtra","India",0
"2023-05-02","Lonate Pozzolo","Provincia di Varese","Italy",0
"2023-05-02","Lonato","Provincia di Brescia","Italy",0
"2023-05-02","Lonavla","Maharashtra","India",0
"2023-05-02","London","England","United Kingdom",0
"2023-05-02","London","Ontario","Canada",0
"2023-05-02","Londonderry","Derry City and Strabane","United Kingdom",0
"2023-05-02","Long Beach","California","United States",0
"2023-05-02","Longare","Provincia di Vicenza","Italy",0
"2023-05-02","Longfield","Kent","United Kingdom",0
"2023-05-02","Longmont","Colorado","United States",0
"2023-05-02","Longone al Segrino","Provincia di Como","Italy",0
"2023-05-02","Longueuil","Quebec","Canada",0
"2023-05-02","Lonigo","Provincia di Vicenza","Italy",0
"2023-05-02","Looe","Cornwall","United Kingdom",0
"2023-05-02","Lopburi","Lopburi","Thailand",0
"2023-05-02","Lorain","Ohio","United States",0
"2023-05-02","Loreggia","Padua","Italy",0
"2023-05-02","Lorengau","Manus Province","Papua New Guinea",0
"2023-05-02","Loreto","Provincia di Ancona","Italy",0
"2023-05-02","Los Alamos","New Mexico","United States",0
"2023-05-02","Los Altos","California","United States",0
"2023-05-02","Los Angeles","California","United States",0
"2023-05-02","Los Arrayanes","Departamento de Rio Negro","Uruguay",0
"2023-05-02","Los Gatos","California","United States",0
"2023-05-02","Los Olivos","Lima region","Peru",0
"2023-05-02","Los Ángeles","Region del Biobio","Chile",0
"2023-05-02","Lotzorai","Provincia di Nuoro","Italy",0
"2023-05-02","Loughborough","Leicestershire","United Kingdom",0
"2023-05-02","Loughton","Essex","United Kingdom",0
"2023-05-02","Louis Trichardt","Limpopo","South Africa",0
"2023-05-02","Louisville","Kentucky","United States",0
"2023-05-02","Loveland","Ohio","United States",0
"2023-05-02","Loves Park","Illinois","United States",0
"2023-05-02","Lowell","Massachusetts","United States",0
"2023-05-02","Lower Boro","New South Wales","Australia",0
"2023-05-02","Lower Hutt","Wellington","New Zealand",0
"2023-05-02","Lowestoft","Suffolk","United Kingdom",0
"2023-05-02","Lu","Provincia di Alessandria","Italy",0
"2023-05-02","Luanda","Luanda Province","Angola",0
"2023-05-02","Lubango","Huíla","Angola",0
"2023-05-02","Lubao","Province of Pampanga","Philippines",0
"2023-05-02","Lubbock","Texas","United States",0
"2023-05-02","Lubin","Lower Silesia","Poland",0
"2023-05-02","Lubon","Greater Poland","Poland",0
"2023-05-02","Lubumbashi","Haut-Katanga","DR Congo",0
"2023-05-02","Lucan","Leinster","Ireland",0
"2023-05-02","Lucca","Provincia di Lucca","Italy",0
"2023-05-02","Lucena City","Quezon","Philippines",0
"2023-05-02","Lucera","Provincia di Foggia","Italy",0
"2023-05-02","Lucerne","Lucerne","Switzerland",0
"2023-05-02","Lucignano","Province of Arezzo","Italy",0
"2023-05-02","Lucknow","Uttar Pradesh","India",0
"2023-05-02","Lucrezia","Pesaro and Urbino","Italy",0
"2023-05-02","Ludhiana","Punjab","India",0
"2023-05-02","Ludwigshafen am Rhein","Rheinland-Pfalz","Germany",0
"2023-05-02","Lugagnano Val d\Arda","Provincia di Piacenza","Italy",0
"2023-05-02","Lugazi","Buikwe District","Uganda",0
"2023-05-02","Lugo","Provincia di Ravenna","Italy",0
"2023-05-02","Lugo di Vicenza","Provincia di Vicenza","Italy",0
"2023-05-02","Lugulu","Busia District","Kenya",0
"2023-05-02","Luisago","Provincia di Como","Italy",0
"2023-05-02","Luisiana","Province of Laguna","Philippines",0
"2023-05-02","Lumezzane","Provincia di Brescia","Italy",0
"2023-05-02","Lumsden","Saskatchewan","Canada",0
"2023-05-02","Luna","Province of La Union","Philippines",0
"2023-05-02","Lunavada","Gujarat","India",0
"2023-05-02","Lund","Skåne County","Sweden",0
"2023-05-02","Lundsbrunn","Västra Götaland County","Sweden",0
"2023-05-02","Lunglei","Mizoram","India",0
"2023-05-02","Luque","Departamento Central","Paraguay",0
"2023-05-02","Lurago d\Erba","Provincia di Como","Italy",0
"2023-05-02","Lurate Caccivio","Provincia di Como","Italy",0
"2023-05-02","Lusaka","Lusaka Province","Zambia",0
"2023-05-02","Luserna San Giovanni","Turin","Italy",0
"2023-05-02","Lutherville","Maryland","United States",0
"2023-05-02","Luton","Luton","United Kingdom",0
"2023-05-02","Lutterworth","Leicestershire","United Kingdom",0
"2023-05-02","Lviv","Lvivska Oblast","Ukraine",0
"2023-05-02","Lydbrook","Gloucestershire","United Kingdom",0
"2023-05-02","Lydenburg","Mpumalanga","South Africa",0
"2023-05-02","Lymington","Hampshire","United Kingdom",0
"2023-05-02","Lyndhurst","New Jersey","United States",0
"2023-05-02","Lynn","Massachusetts","United States",0
"2023-05-02","Lynnfield","Massachusetts","United States",0
"2023-05-02","Lynnwood","Washington","United States",0
"2023-05-02","Lyon","Rhône","France",0
"2023-05-02","Lyons","Illinois","United States",0
"2023-05-02","Lübeck","Schleswig-Holstein","Germany",0
"2023-05-02","L’Aquila","Province of LAquila","Italy",0
"2023-05-02","Ma On Shan Tsuen","Sha Tin","Hong Kong",0
"2023-05-02","Maamigili","Southern Ari Atoll","Maldives",0
"2023-05-02","Maarssen","Provincie Utrecht","Netherlands",0
"2023-05-02","Maastricht","Limburg","Netherlands",0
"2023-05-02","Mabalacat","Province of Pampanga","Philippines",0
"2023-05-02","Macao","","Macao",0
"2023-05-02","Macchia d\Isernia","Provincia di Isernia","Italy",0
"2023-05-02","Macclesfield","Cheshire East","United Kingdom",0
"2023-05-02","Macerata","Provincia di Macerata","Italy",0
"2023-05-02","Machakos","Machakos District","Kenya",0
"2023-05-02","Macherio","Monza Brianza","Italy",0
"2023-05-02","Machilipatnam","Andhra Pradesh","India",0
"2023-05-02","Macleod","Victoria","Australia",0
"2023-05-02","Maclodio","Provincia di Brescia","Italy",0
"2023-05-02","Macomb","Illinois","United States",0
"2023-05-02","Macon","Georgia","United States",0
"2023-05-02","Macrohon","Southern Leyte","Philippines",0
"2023-05-02","Macuelizo","Departamento de Santa Barbara","Honduras",0
"2023-05-02","Madanapalle","Andhra Pradesh","India",0
"2023-05-02","Madannapet","Telangana","India",0
"2023-05-02","Maddaloni","Provincia di Caserta","Italy",0
"2023-05-02","Maddur","Karnataka","India",0
"2023-05-02","Madgaon","Goa","India",0
"2023-05-02","Madhabdi","Narayanganj","Bangladesh",0
"2023-05-02","Madhapur","Telangana","India",0
"2023-05-02","Madhepura","Bihar","India",0
"2023-05-02","Madhubani","Bihar","India",0
"2023-05-02","Madhupur","Pabna","Bangladesh",0
"2023-05-02","Madikeri","Karnataka","India",0
"2023-05-02","Madinat Hamad","Northern","Bahrain",0
"2023-05-02","Madinat `Isa","Southern Governorate","Bahrain",0
"2023-05-02","Madipakkam","Tamil Nadu","India",0
"2023-05-02","Madison","Ohio","United States",0
"2023-05-02","Madison","Alabama","United States",0
"2023-05-02","Madison","Wisconsin","United States",0
"2023-05-02","Madisonville","Kentucky","United States",0
"2023-05-02","Madonna dei Fornelli","Bologna","Italy",0
"2023-05-02","Madonna della Scala","Turin","Italy",0
"2023-05-02","Madrid","Madrid","Spain",0
"2023-05-02","Madurai","Tamil Nadu","India",0
"2023-05-02","Maerne","Venice","Italy",0
"2023-05-02","Magdalena del Mar","Lima region","Peru",0
"2023-05-02","Magdeburg","Saxony-Anhalt","Germany",0
"2023-05-02","Magenta","Milan","Italy",0
"2023-05-02","Maggiora","Provincia di Novara","Italy",0
"2023-05-02","Maggona","Kalutara District","Sri Lanka",0
"2023-05-02","Magione","Provincia di Perugia","Italy",0
"2023-05-02","Magliano Sabina","Provincia di Rieti","Italy",0
"2023-05-02","Magnago","Milan","Italy",0
"2023-05-02","Magugpo Poblacion","Province of Davao del Norte","Philippines",0
"2023-05-02","Maha Sarakham","Maha Sarakham","Thailand",0
"2023-05-02","Mahad","Maharashtra","India",0
"2023-05-02","Maharagama","Colombo District","Sri Lanka",0
"2023-05-02","Maharajganj","Uttar Pradesh","India",0
"2023-05-02","Mahbubnagar","Telangana","India",0
"2023-05-02","Mahe","Kerala","India",0
"2023-05-02","Mahendragarh","Haryana","India",0
"2023-05-02","Mahesana","Gujarat","India",0
"2023-05-02","Maheshwaram","Telangana","India",0
"2023-05-02","Mahiyangana","Kandy District","Sri Lanka",0
"2023-05-02","Mahuva","Gujarat","India",0
"2023-05-02","Maidenhead","Windsor and Maidenhead","United Kingdom",0
"2023-05-02","Maidstone","Kent","United Kingdom",0
"2023-05-02","Mainpuri","Uttar Pradesh","India",0
"2023-05-02","Maintal","Hesse","Germany",0
"2023-05-02","Mainz","Rheinland-Pfalz","Germany",0
"2023-05-02","Maiori","Provincia di Salerno","Italy",0
"2023-05-02","Maipu","Santiago Metropolitan","Chile",0
"2023-05-02","Maiquetia","Vargas","Venezuela",0
"2023-05-02","Mairwa","Bihar","India",0
"2023-05-02","Maithon","Jharkhand","India",0
"2023-05-02","Majano","Provincia di Udine","Italy",0
"2023-05-02","Makati","Province of Nueva Vizcaya","Philippines",0
"2023-05-02","Makati City","Metro Manila","Philippines",0
"2023-05-02","Makhu","Punjab","India",0
"2023-05-02","Makkah","Mecca Region","Saudi Arabia",0
"2023-05-02","Makkaraparamba","Kerala","India",0
"2023-05-02","Makola South","Gampaha District","Sri Lanka",0
"2023-05-02","Makurdi","Benue State","Nigeria",0
"2023-05-02","Mal Bazar","West Bengal","India",0
"2023-05-02","Mala","Västerbotten County","Sweden",0
"2023-05-02","Malabar Hill","Maharashtra","India",0
"2023-05-02","Malabo","Bioko Norte","Equatorial Guinea",0
"2023-05-02","Malacca","Melaka","Malaysia",0
"2023-05-02","Malaipattu","Tamil Nadu","India",0
"2023-05-02","Malalbergo","Bologna","Italy",0
"2023-05-02","Malambe","Colombo District","Sri Lanka",0
"2023-05-02","Malappuram","Kerala","India",0
"2023-05-02","Malatya","Malatya","Turkey",0
"2023-05-02","Malda","West Bengal","India",0
"2023-05-02","Malden","Massachusetts","United States",0
"2023-05-02","Malden","Provincie Gelderland","Netherlands",0
"2023-05-02","Malegaon","Maharashtra","India",0
"2023-05-02","Maler Kotla","Punjab","India",0
"2023-05-02","Malkajgiri","Telangana","India",0
"2023-05-02","Mallampet","Telangana","India",0
"2023-05-02","Malmo","Skåne County","Sweden",0
"2023-05-02","Malo","Provincia di Vicenza","Italy",0
"2023-05-02","Malolos","Province of Bulacan","Philippines",0
"2023-05-02","Malsburg","Baden-Württemberg","Germany",0
"2023-05-02","Maltby","Rotherham","United Kingdom",0
"2023-05-02","Maltepe","Istanbul","Turkey",0
"2023-05-02","Malters","Lucerne","Switzerland",0
"2023-05-02","Malur","Karnataka","India",0
"2023-05-02","Malvan","Maharashtra","India",0
"2023-05-02","Malvern","Victoria","Australia",0
"2023-05-02","Malvern","Pennsylvania","United States",0
"2023-05-02","Malé","Kaafu Atoll","Maldives",0
"2023-05-02","Managua","Departamento de Managua","Nicaragua",0
"2023-05-02","Manali","Himachal Pradesh","India",0
"2023-05-02","Manama","Manama","Bahrain",0
"2023-05-02","Manassas","Virginia","United States",0
"2023-05-02","Manchar","Maharashtra","India",0
"2023-05-02","Mancherial","Telangana","India",0
"2023-05-02","Manchester","Manchester","United Kingdom",0
"2023-05-02","Manchester","Connecticut","United States",0
"2023-05-02","Manchester","New Hampshire","United States",0
"2023-05-02","Manciano","Provincia di Grosseto","Italy",0
"2023-05-02","Manda","Maharashtra","India",0
"2023-05-02","Mandal","Gujarat","India",0
"2023-05-02","Mandaluyong City","Metro Manila","Philippines",0
"2023-05-02","Mandapeta","Andhra Pradesh","India",0
"2023-05-02","Mandaue City","Province of Cebu","Philippines",0
"2023-05-02","Mandello del Lario","Provincia di Lecco","Italy",0
"2023-05-02","Mandi","Himachal Pradesh","India",0
"2023-05-02","Mandi Dabwali","Haryana","India",0
"2023-05-02","Mandla","Madhya Pradesh","India",0
"2023-05-02","Mandsaur","Madhya Pradesh","India",0
"2023-05-02","Manduria","Provincia di Taranto","Italy",0
"2023-05-02","Mandya","Karnataka","India",0
"2023-05-02","Manendragarh","Chhattisgarh","India",0
"2023-05-02","Manerbio","Provincia di Brescia","Italy",0
"2023-05-02","Manfredonia","Provincia di Foggia","Italy",0
"2023-05-02","Mangalagiri","Andhra Pradesh","India",0
"2023-05-02","Mangalore","Karnataka","India",0
"2023-05-02","Mangan","Sikkim","India",0
"2023-05-02","Mangrol","Gujarat","India",0
"2023-05-02","Manhattan","Kansas","United States",0
"2023-05-02","Manhattan Beach","California","United States",0
"2023-05-02","Mani Kalan","Uttar Pradesh","India",0
"2023-05-02","Maniago","Province of Pordenone","Italy",0
"2023-05-02","Manikonda","Telangana","India",0
"2023-05-02","Manila","Metro Manila","Philippines",0
"2023-05-02","Manipal","Karnataka","India",0
"2023-05-02","Manizales","Departamento de Caldas","Colombia",0
"2023-05-02","Manjeri","Kerala","India",0
"2023-05-02","Mankada","Kerala","India",0
"2023-05-02","Manlleu","Barcelona","Spain",0
"2023-05-02","Manly","New South Wales","Australia",0
"2023-05-02","Mannheim","Baden-Württemberg","Germany",0
"2023-05-02","Manojipatti","Tamil Nadu","India",0
"2023-05-02","Manoppello Scalo","Provincia di Pescara","Italy",0
"2023-05-02","Manor","Maharashtra","India",0
"2023-05-02","Manora","Maharashtra","India",0
"2023-05-02","Manresa","Barcelona","Spain",0
"2023-05-02","Mansa","Gujarat","India",0
"2023-05-02","Mansa","Punjab","India",0
"2023-05-02","Mansa Konko","Lower River Division","Gambia",0
"2023-05-02","Mansfield","Nottinghamshire","United Kingdom",0
"2023-05-02","Mansons Landing","British Columbia","Canada",0
"2023-05-02","Mansuè","Provincia di Treviso","Italy",0
"2023-05-02","Manteswar","West Bengal","India",0
"2023-05-02","Manton","Michigan","United States",0
"2023-05-02","Mantova","Province of Mantua","Italy",0
"2023-05-02","Manuguru","Telangana","India",0
"2023-05-02","Manziana","Rome","Italy",0
"2023-05-02","Mapello","Provincia di Bergamo","Italy",0
"2023-05-02","Maple","Ontario","Canada",0
"2023-05-02","Maple Grove","Minnesota","United States",0
"2023-05-02","Maple Shade Township","New Jersey","United States",0
"2023-05-02","Mapo-gu","Seoul","South Korea",0
"2023-05-02","Mappano","Turin","Italy",0
"2023-05-02","Mapua","Tasman","New Zealand",0
"2023-05-02","Maputo","Cidade de Maputo","Mozambique",0
"2023-05-02","Marabu","Sarawak","Malaysia",0
"2023-05-02","Maranello","Province of Modena","Italy",0
"2023-05-02","Marano sul Panaro","Province of Modena","Italy",0
"2023-05-02","Maranza","South Tyrol","Italy",0
"2023-05-02","Marathon","Ontario","Canada",0
"2023-05-02","Marbella","Malaga","Spain",0
"2023-05-02","Marco Island","Florida","United States",0
"2023-05-02","Marcon","Venice","Italy",0
"2023-05-02","Mardan","Khyber Pakhtunkhwa","Pakistan",0
"2023-05-02","Mareeba","Queensland","Australia",0
"2023-05-02","Maretto","Provincia di Asti","Italy",0
"2023-05-02","Margate","Kent","United Kingdom",0
"2023-05-02","Marghera","Venice","Italy",0
"2023-05-02","Margine Coperta-Traversagna","Provincia di Pistoia","Italy",0
"2023-05-02","Margram","West Bengal","India",0
"2023-05-02","Marianna","Florida","United States",0
"2023-05-02","Mariano Comense","Provincia di Como","Italy",0
"2023-05-02","Maribyrnong","Victoria","Australia",0
"2023-05-02","Mariehamn","","Åland",0
"2023-05-02","Marietta","Georgia","United States",0
"2023-05-02","Mariglianella","Naples","Italy",0
"2023-05-02","Marigliano","Naples","Italy",0
"2023-05-02","Marikina City","Metro Manila","Philippines",0
"2023-05-02","Marilao","Province of Bulacan","Philippines",0
"2023-05-02","Marina","California","United States",0
"2023-05-02","Marina del Rey","California","United States",0
"2023-05-02","Marina di Camerota","Provincia di Salerno","Italy",0
"2023-05-02","Marina di Montemarciano","Provincia di Ancona","Italy",0
"2023-05-02","Marina di Pietrasanta","Provincia di Lucca","Italy",0
"2023-05-02","Marinella","Venice","Italy",0
"2023-05-02","Marinilla","Antioquia","Colombia",0
"2023-05-02","Marino","Rome","Italy",0
"2023-05-02","Mariveles","Province of Bataan","Philippines",0
"2023-05-02","Markapur","Andhra Pradesh","India",0
"2023-05-02","Market Deeping","Lincolnshire","United Kingdom",0
"2023-05-02","Market Harborough","Leicestershire","United Kingdom",0
"2023-05-02","Markham","Ontario","Canada",0
"2023-05-02","Marklkofen","Bavaria","Germany",0
"2023-05-02","Marktoberdorf","Bavaria","Germany",0
"2023-05-02","Marl","North Rhine-Westphalia","Germany",0
"2023-05-02","Marlia","Provincia di Lucca","Italy",0
"2023-05-02","Marliana","Provincia di Pistoia","Italy",0
"2023-05-02","Marling","South Tyrol","Italy",0
"2023-05-02","Marlton","New Jersey","United States",0
"2023-05-02","Marmora","Ontario","Canada",0
"2023-05-02","Marnate","Provincia di Varese","Italy",0
"2023-05-02","Marone","Provincia di Brescia","Italy",0
"2023-05-02","Marostica","Provincia di Vicenza","Italy",0
"2023-05-02","Marsala","Province of Trapani","Italy",0
"2023-05-02","Marseille","Bouches-du-Rhône","France",0
"2023-05-02","Marsicovetere","Provincia di Potenza","Italy",0
"2023-05-02","Martellago","Venice","Italy",0
"2023-05-02","Marthandam","Tamil Nadu","India",0
"2023-05-02","Martignacco","Provincia di Udine","Italy",0
"2023-05-02","Martignas-sur-Jalle","Gironde","France",0
"2023-05-02","Martigny-Ville","Valais","Switzerland",0
"2023-05-02","Martin Coronado","Buenos Aires","Argentina",0
"2023-05-02","Martina Franca","Provincia di Taranto","Italy",0
"2023-05-02","Martinengo","Provincia di Bergamo","Italy",0
"2023-05-02","Martinez","California","United States",0
"2023-05-02","Martinsburg","West Virginia","United States",0
"2023-05-02","Martinsville","New Jersey","United States",0
"2023-05-02","Maryland","Lagos","Nigeria",0
"2023-05-02","Marysville","Ohio","United States",0
"2023-05-02","Masate","Milan","Italy",0
"2023-05-02","Masbate","Province of Masbate","Philippines",0
"2023-05-02","Mascalucia","Catania","Italy",0
"2023-05-02","Mascot","New South Wales","Australia",0
"2023-05-02","Mascouche","Quebec","Canada",0
"2023-05-02","Maser","Provincia di Treviso","Italy",0
"2023-05-02","Maseru","Maseru","Lesotho",0
"2023-05-02","Maserà di Padova","Padua","Italy",0
"2023-05-02","Mashhad","Razavi Khorasan","Iran",0
"2023-05-02","Masio","Provincia di Alessandria","Italy",0
"2023-05-02","Maski","Karnataka","India",0
"2023-05-02","Mason","Ohio","United States",0
"2023-05-02","Massa","Province of Massa-Carrara","Italy",0
"2023-05-02","Massa Finalese","Province of Modena","Italy",0
"2023-05-02","Massa Lombarda","Provincia di Ravenna","Italy",0
"2023-05-02","Massa Lubrense","Naples","Italy",0
"2023-05-02","Massa Marittima","Provincia di Grosseto","Italy",0
"2023-05-02","Massapequa","New York","United States",0
"2023-05-02","Massarosa","Provincia di Lucca","Italy",0
"2023-05-02","Massena","New York","United States",0
"2023-05-02","Masserano","Provincia di Biella","Italy",0
"2023-05-02","Massino Visconti","Provincia di Novara","Italy",0
"2023-05-02","Massy","Essonne","France",0
"2023-05-02","Masterton","Wellington","New Zealand",0
"2023-05-02","Masullas","Provincia di Oristano","Italy",0
"2023-05-02","Matale","Matale District","Sri Lanka",0
"2023-05-02","Matamata","Waikato","New Zealand",0
"2023-05-02","Matara","Matara District","Sri Lanka",0
"2023-05-02","Matehuala","San Luis Potosí","Mexico",0
"2023-05-02","Matelica","Provincia di Macerata","Italy",0
"2023-05-02","Matera","Provincia di Matera","Italy",0
"2023-05-02","Mathikere","Karnataka","India",0
"2023-05-02","Mathura","Uttar Pradesh","India",0
"2023-05-02","Mati","Province of Davao Oriental","Philippines",0
"2023-05-02","Matiranga","Khagrachhari","Bangladesh",0
"2023-05-02","Matosinhos Municipality","Porto","Portugal",0
"2023-05-02","Matsudo","Chiba","Japan",0
"2023-05-02","Mattanur","Kerala","India",0
"2023-05-02","Mattarello","Province of Trente","Italy",0
"2023-05-02","Mattegoda","Colombo District","Sri Lanka",0
"2023-05-02","Matthews","North Carolina","United States",0
"2023-05-02","Matunga","Maharashtra","India",0
"2023-05-02","Mau","Uttar Pradesh","India",0
"2023-05-02","Maur","Punjab","India",0
"2023-05-02","Mavelikkara","Kerala","India",0
"2023-05-02","Mawanella","Kegalle District","Sri Lanka",0
"2023-05-02","Mayapur","West Bengal","India",0
"2023-05-02","Mayiladuthurai","Tamil Nadu","India",0
"2023-05-02","Mazzano","Provincia di Brescia","Italy",0
"2023-05-02","Mazzano Romano","Rome","Italy",0
"2023-05-02","Mbandaka","Équateur","DR Congo",0
"2023-05-02","Mbeya","Mbeya","Tanzania",0
"2023-05-02","McCook","Nebraska","United States",0
"2023-05-02","McDonough","Georgia","United States",0
"2023-05-02","McHenry","Illinois","United States",0
"2023-05-02","McKeesport","Pennsylvania","United States",0
"2023-05-02","McKinleyville","California","United States",0
"2023-05-02","McKinney","Texas","United States",0
"2023-05-02","McKinnon","Victoria","Australia",0
"2023-05-02","Meaux","Seine-et-Marne","France",0
"2023-05-02","Mebane","North Carolina","United States",0
"2023-05-02","Mechelen","Antwerp Province","Belgium",0
"2023-05-02","Meda","Monza Brianza","Italy",0
"2023-05-02","Medak","Telangana","India",0
"2023-05-02","Medarametla","Andhra Pradesh","India",0
"2023-05-02","Mede","Provincia di Pavia","Italy",0
"2023-05-02","Medellín","Antioquia","Colombia",0
"2023-05-02","Medesano","Province of Parma","Italy",0
"2023-05-02","Medford","Massachusetts","United States",0
"2023-05-02","Medicine Hat","Alberta","Canada",0
"2023-05-02","Mediglia","Milan","Italy",0
"2023-05-02","Medina","Medina Region","Saudi Arabia",0
"2023-05-02","Medininagar","Jharkhand","India",0
"2023-05-02","Medinipur","West Bengal","India",0
"2023-05-02","Medipalli","Telangana","India",0
"2023-05-02","Medole","Province of Mantua","Italy",0
"2023-05-02","Medolla","Province of Modena","Italy",0
"2023-05-02","Meerut","Uttar Pradesh","India",0
"2023-05-02","Meguro-ku","Tokyo","Japan",0
"2023-05-02","Mehdipatnam","Telangana","India",0
"2023-05-02","Meiringen","Bern","Switzerland",0
"2023-05-02","Mel","Province of Belluno","Italy",0
"2023-05-02","Melbourne","Victoria","Australia",0
"2023-05-02","Melbourne","Florida","United States",0
"2023-05-02","Melegnano","Milan","Italy",0
"2023-05-02","Melendugno","Provincia di Lecce","Italy",0
"2023-05-02","Melfi","Provincia di Potenza","Italy",0
"2023-05-02","Melipilla","Santiago Metropolitan","Chile",0
"2023-05-02","Melissano","Provincia di Lecce","Italy",0
"2023-05-02","Melito di Napoli","Naples","Italy",0
"2023-05-02","Melksham","Wiltshire","United Kingdom",0
"2023-05-02","Melmangalam","Tamil Nadu","India",0
"2023-05-02","Melton South","Victoria","Australia",0
"2023-05-02","Melun","Seine-et-Marne","France",0
"2023-05-02","Melur","Tamil Nadu","India",0
"2023-05-02","Melzo","Milan","Italy",0
"2023-05-02","Memphis","Tennessee","United States",0
"2023-05-02","Menlo Park","California","United States",0
"2023-05-02","Menomonee Falls","Wisconsin","United States",0
"2023-05-02","Mentana","Rome","Italy",0
"2023-05-02","Menton","Alpes-Maritimes","France",0
"2023-05-02","Meolo","Venice","Italy",0
"2023-05-02","Meppel","Provincie Drenthe","Netherlands",0
"2023-05-02","Merano","South Tyrol","Italy",0
"2023-05-02","Mercatino Conca","Pesaro and Urbino","Italy",0
"2023-05-02","Mercato San Severino","Provincia di Salerno","Italy",0
"2023-05-02","Mercenasco","Turin","Italy",0
"2023-05-02","Mergozzo","Verbania","Italy",0
"2023-05-02","Merksem","Antwerp Province","Belgium",0
"2023-05-02","Merrylands","New South Wales","Australia",0
"2023-05-02","Mersin","Mersin","Turkey",0
"2023-05-02","Merthyr Tydfil","Merthyr Tydfil","United Kingdom",0
"2023-05-02","Mesa","Arizona","United States",0
"2023-05-02","Mesquite","Texas","United States",0
"2023-05-02","Messina","Province of Messina","Italy",0
"2023-05-02","Mestre","Venice","Italy",0
"2023-05-02","Mestrino","Padua","Italy",0
"2023-05-02","Meta","Naples","Italy",0
"2023-05-02","Metato","Province of Pisa","Italy",0
"2023-05-02","Methuen","Massachusetts","United States",0
"2023-05-02","Metter","Georgia","United States",0
"2023-05-02","Mettupalayam","Tamil Nadu","India",0
"2023-05-02","Mettur","Tamil Nadu","India",0
"2023-05-02","Metuchen","New Jersey","United States",0
"2023-05-02","Metz","Moselle","France",0
"2023-05-02","Mexico City","Mexico City","Mexico",0
"2023-05-02","Meycauayan","Province of Bulacan","Philippines",0
"2023-05-02","Meyerton","Gauteng","South Africa",0
"2023-05-02","Mezzago","Monza Brianza","Italy",0
"2023-05-02","Mezzane di Sotto","Provincia di Verona","Italy",0
"2023-05-02","Mezzolombardo","Province of Trente","Italy",0
"2023-05-02","Mezzomerico","Provincia di Novara","Italy",0
"2023-05-02","Mhow","Madhya Pradesh","India",0
"2023-05-02","Miami","Florida","United States",0
"2023-05-02","Miami Beach","Florida","United States",0
"2023-05-02","Miamisburg","Ohio","United States",0
"2023-05-02","Miane","Provincia di Treviso","Italy",0
"2023-05-02","Middelburg","Mpumalanga","South Africa",0
"2023-05-02","Middelburg","Provincie Zeeland","Netherlands",0
"2023-05-02","Middle River","Maryland","United States",0
"2023-05-02","Middlesbrough","Middlesbrough","United Kingdom",0
"2023-05-02","Middlesex","Brent","United Kingdom",0
"2023-05-02","Middletown","Connecticut","United States",0
"2023-05-02","Middletown","Delaware","United States",0
"2023-05-02","Middletown","Pennsylvania","United States",0
"2023-05-02","Midrand","Gauteng","South Africa",0
"2023-05-02","Midreshet Ben-Gurion","Southern District","Israel",0
"2023-05-02","Migdal","Northern District","Israel",0
"2023-05-02","Mijas","Malaga","Spain",0
"2023-05-02","Mikkere","Karnataka","India",0
"2023-05-02","Milan","Milan","Italy",0
"2023-05-02","Milan","Ohio","United States",0
"2023-05-02","Milazzo","Province of Messina","Italy",0
"2023-05-02","Mildura","Victoria","Australia",0
"2023-05-02","Mile End","Essex","United Kingdom",0
"2023-05-02","Milena","Province of Caltanissetta","Italy",0
"2023-05-02","Milford","Massachusetts","United States",0
"2023-05-02","Milford","Connecticut","United States",0
"2023-05-02","Milici","Province of Messina","Italy",0
"2023-05-02","Militello Rosmarino","Province of Messina","Italy",0
"2023-05-02","Mill Valley","California","United States",0
"2023-05-02","Milledgeville","Georgia","United States",0
"2023-05-02","Millendon","Western Australia","Australia",0
"2023-05-02","Milpitas","California","United States",0
"2023-05-02","Milton","Massachusetts","United States",0
"2023-05-02","Milton","Wisconsin","United States",0
"2023-05-02","Milton","Ontario","Canada",0
"2023-05-02","Milton Keynes","Milton Keynes","United Kingdom",0
"2023-05-02","Milwaukee","Wisconsin","United States",0
"2023-05-02","Min Buri","Bangkok","Thailand",0
"2023-05-02","Mince","Podlasie","Poland",0
"2023-05-02","Minehead","Somerset","United Kingdom",0
"2023-05-02","Mineola","New York","United States",0
"2023-05-02","Minerbio","Bologna","Italy",0
"2023-05-02","Minervino di Lecce","Provincia di Lecce","Italy",0
"2023-05-02","Minjur","Tamil Nadu","India",0
"2023-05-02","Minneapolis","Minnesota","United States",0
"2023-05-02","Minoh","Osaka","Japan",0
"2023-05-02","Minsk","Minsk City","Belarus",0
"2023-05-02","Minuwangoda","Gampaha District","Sri Lanka",0
"2023-05-02","Minya","Minya","Egypt",0
"2023-05-02","Mira","Venice","Italy",0
"2023-05-02","Mira Road","Maharashtra","India",0
"2023-05-02","Mirabella Eclano","Provincia di Avellino","Italy",0
"2023-05-02","Miraj","Maharashtra","India",0
"2023-05-02","Miramichi","New Brunswick","Canada",0
"2023-05-02","Miranda","Departamento del Cauca","Colombia",0
"2023-05-02","Mirandola","Province of Modena","Italy",0
"2023-05-02","Mirano","Venice","Italy",0
"2023-05-02","Mishawaka","Indiana","United States",0
"2023-05-02","Misilmeri","Province of Palermo","Italy",0
"2023-05-02","Misinto","Monza Brianza","Italy",0
"2023-05-02","Missaglia","Provincia di Lecco","Italy",0
"2023-05-02","Mission","Kansas","United States",0
"2023-05-02","Mission Viejo","California","United States",0
"2023-05-02","Mississauga","Ontario","Canada",0
"2023-05-02","Missouri City","Texas","United States",0
"2023-05-02","Mitcham","Merton","United Kingdom",0
"2023-05-02","Mitchelton","Queensland","Australia",0
"2023-05-02","Mito","Ibaraki","Japan",0
"2023-05-02","Minsk Mazowiecki","Mazovia","Poland",0
"2023-05-02","Mockfjaerd","Dalarna County","Sweden",0
"2023-05-02","Modasa","Gujarat","India",0
"2023-05-02","Modena","Province of Modena","Italy",0
"2023-05-02","Modesto","California","United States",0
"2023-05-02","Modigliana","Province of Forlì-Cesena","Italy",0
"2023-05-02","Modugno","Bari","Italy",0
"2023-05-02","Moena","Province of Trente","Italy",0
"2023-05-02","Moga","Punjab","India",0
"2023-05-02","Mogadishu","Banaadir","Somalia",0
"2023-05-02","Mogliano Veneto","Provincia di Treviso","Italy",0
"2023-05-02","Mohali","Punjab","India",0
"2023-05-02","Mohammedia","Mohammedia","Morocco",0
"2023-05-02","Mohanpur","West Bengal","India",0
"2023-05-02","Moimacco","Provincia di Udine","Italy",0
"2023-05-02","Moirang","Manipur","India",0
"2023-05-02","Moka","Moka District","Mauritius",0
"2023-05-02","Mokokchung","Nagaland","India",0
"2023-05-02","Mokopane","Limpopo","South Africa",0
"2023-05-02","Molfetta","Bari","Italy",0
"2023-05-02","Molinella","Bologna","Italy",0
"2023-05-02","Molino del Piano","Province of Florence","Italy",0
"2023-05-02","Molsheim","Bas-Rhin","France",0
"2023-05-02","Mombaroccio","Pesaro and Urbino","Italy",0
"2023-05-02","Mombasa","Mombasa District","Kenya",0
"2023-05-02","Mombello di Torino","Turin","Italy",0
"2023-05-02","Mombercelli","Provincia di Asti","Italy",0
"2023-05-02","Momo","Provincia di Novara","Italy",0
"2023-05-02","Mona Vale","New South Wales","Australia",0
"2023-05-02","Monaco","","Monaco",0
"2023-05-02","Moncalieri","Turin","Italy",0
"2023-05-02","Monclova","Chiapas","Mexico",0
"2023-05-02","Monclova","Coahuila","Mexico",0
"2023-05-02","Moncton","New Brunswick","Canada",0
"2023-05-02","Moncucco Torinese","Provincia di Asti","Italy",0
"2023-05-02","Mondolfo","Pesaro and Urbino","Italy",0
"2023-05-02","Mondovì","Provincia di Cuneo","Italy",0
"2023-05-02","Mondragone","Provincia di Caserta","Italy",0
"2023-05-02","Moneglia","Provincia di Genova","Italy",0
"2023-05-02","Monfalcone","Provincia di Gorizia","Italy",0
"2023-05-02","Mong Kok","Yau Tsim Mong","Hong Kong",0
"2023-05-02","Mongar","Mongar","Bhutan",0
"2023-05-02","Monmouth Junction","New Jersey","United States",0
"2023-05-02","Monopoli","Bari","Italy",0
"2023-05-02","Monor","Pest megye","Hungary",0
"2023-05-02","Monroe","Georgia","United States",0
"2023-05-02","Monroeville","Pennsylvania","United States",0
"2023-05-02","Monrovia","Montserrado County","Liberia",0
"2023-05-02","Monrovia","California","United States",0
"2023-05-02","Monsano","Provincia di Ancona","Italy",0
"2023-05-02","Monselice","Padua","Italy",0
"2023-05-02","Monserrato","Provincia di Cagliari","Italy",0
"2023-05-02","Monsummano Terme","Provincia di Pistoia","Italy",0
"2023-05-02","Mont Albert","Victoria","Australia",0
"2023-05-02","Mont-Tremblant","Quebec","Canada",0
"2023-05-02","Montagna in Valtellina","Province of Sondrio","Italy",0
"2023-05-02","Montagnola","Ticino","Switzerland",0
"2023-05-02","Montaione","Province of Florence","Italy",0
"2023-05-02","Montalcino","Province of Siena","Italy",0
"2023-05-02","Montaldo Scarampi","Provincia di Asti","Italy",0
"2023-05-02","Montale","Provincia di Pistoia","Italy",0
"2023-05-02","Montalto Dora","Turin","Italy",0
"2023-05-02","Montanaso Lombardo","Provincia di Lodi","Italy",0
"2023-05-02","Montano Lucino","Provincia di Como","Italy",0
"2023-05-02","Montcada i Reixac","Barcelona","Spain",0
"2023-05-02","Montceau-les-Mines","Saône-et-Loire","France",0
"2023-05-02","Monte Cremasco","Provincia di Cremona","Italy",0
"2023-05-02","Monte Marenzo","Provincia di Lecco","Italy",0
"2023-05-02","Monte Porzio Catone","Rome","Italy",0
"2023-05-02","Monte San Giovanni Campano","Provincia di Frosinone","Italy",0
"2023-05-02","Monte San Giusto","Provincia di Macerata","Italy",0
"2023-05-02","Monte San Pietro","Bologna","Italy",0
"2023-05-02","Monte San Savino","Province of Arezzo","Italy",0
"2023-05-02","Monte San Vito","Provincia di Ancona","Italy",0
"2023-05-02","Monte Santa Maria Tiberina","Provincia di Perugia","Italy",0
"2023-05-02","Monte Urano","Province of Fermo","Italy",0
"2023-05-02","Montebelluna","Provincia di Treviso","Italy",0
"2023-05-02","Montecalvoli","Province of Pisa","Italy",0
"2023-05-02","Montecarlo","Provincia di Lucca","Italy",0
"2023-05-02","Montecassiano","Provincia di Macerata","Italy",0
"2023-05-02","Montecatini Terme","Provincia di Pistoia","Italy",0
"2023-05-02","Montecchio Emilia","Provincia di Reggio Emilia","Italy",0
"2023-05-02","Montecchio Maggiore","Provincia di Vicenza","Italy",0
"2023-05-02","Montecchio Precalcino","Provincia di Vicenza","Italy",0
"2023-05-02","Montechiaro d\Asti","Provincia di Asti","Italy",0
"2023-05-02","Montechiarugolo","Province of Parma","Italy",0
"2023-05-02","Montedinove","Ascoli Piceno","Italy",0
"2023-05-02","Montefalco","Provincia di Perugia","Italy",0
"2023-05-02","Montefano","Provincia di Macerata","Italy",0
"2023-05-02","Montefiascone","Provincia di Viterbo","Italy",0
"2023-05-02","Monteforte Irpino","Provincia di Avellino","Italy",0
"2023-05-02","Monteforte d\Alpone","Provincia di Verona","Italy",0
"2023-05-02","Montegalda","Provincia di Vicenza","Italy",0
"2023-05-02","Montegnacco","Provincia di Udine","Italy",0
"2023-05-02","Montegranaro","Province of Fermo","Italy",0
"2023-05-02","Montegrotto Terme","Padua","Italy",0
"2023-05-02","Montelibretti","Rome","Italy",0
"2023-05-02","Montelupo Fiorentino","Province of Florence","Italy",0
"2023-05-02","Montemaggiore Belsito","Province of Palermo","Italy",0
"2023-05-02","Montemagno","Province of Pisa","Italy",0
"2023-05-02","Montemagno","Provincia di Asti","Italy",0
"2023-05-02","Montemarciano","Provincia di Ancona","Italy",0
"2023-05-02","Montemurlo","Provincia di Prato","Italy",0
"2023-05-02","Montenero di Bisaccia","Provincia di Campobasso","Italy",0
